{
    "version": "0.4",
    "title": "Footer",
    "type": "section",
    "metadata": {
        "template_type": "section-footer",
        "include_in_zip": "1",
        "elementor_pro_required": null,
        "wp_page_template": "elementor_canvas"
    },
    "content": [
        {
            "id": "3d003614",
            "settings": {
                "content_width": {
                    "unit": "px",
                    "size": "1160",
                    "sizes": []
                },
                "background_background": "gradient",
                "padding": {
                    "unit": "px",
                    "top": "60",
                    "right": "0",
                    "bottom": "0",
                    "left": "0",
                    "isLinked": ""
                },
                "__globals__": {
                    "background_color": "globals\/colors?id=primary",
                    "background_color_b": "globals\/colors?id=d9ebf82"
                },
                "layout": "full_width",
                "gap": "no",
                "background_color_b_stop": {
                    "unit": "%",
                    "size": 25,
                    "sizes": []
                },
                "background_gradient_type": "radial",
                "background_gradient_position": "bottom left",
                "background_overlay_image": {
                    "id": "",
                    "url": ""
                },
                "background_overlay_position": "top right",
                "background_overlay_attachment": "fixed",
                "background_overlay_repeat": "no-repeat",
                "background_overlay_size": "initial",
                "background_overlay_bg_width": {
                    "unit": "%",
                    "size": "32",
                    "sizes": []
                },
                "background_overlay_opacity": {
                    "unit": "px",
                    "size": "1",
                    "sizes": []
                },
                "padding_tablet": {
                    "unit": "px",
                    "top": "50",
                    "right": "0",
                    "bottom": "0",
                    "left": "0",
                    "isLinked": ""
                },
                "padding_mobile": {
                    "unit": "px",
                    "top": "40",
                    "right": "0",
                    "bottom": "0",
                    "left": "0",
                    "isLinked": ""
                },
                "background_overlay_bg_width_tablet": {
                    "unit": "%",
                    "size": "41",
                    "sizes": []
                },
                "background_overlay_bg_width_mobile": {
                    "unit": "%",
                    "size": "44",
                    "sizes": []
                },
                "background_color_b": "#09031E"
            },
            "elements": [
                {
                    "id": "5b8d5741",
                    "settings": {
                        "_column_size": "100"
                    },
                    "elements": [
                        {
                            "id": "421a5959",
                            "settings": {
                                "content_width": {
                                    "unit": "px",
                                    "size": 1180,
                                    "sizes": []
                                },
                                "structure": "20",
                                "border_border": "none",
                                "border_width": {
                                    "unit": "px",
                                    "top": "0",
                                    "right": "0",
                                    "bottom": "0",
                                    "left": "0",
                                    "isLinked": ""
                                },
                                "margin": {
                                    "unit": "px",
                                    "top": "",
                                    "right": "0",
                                    "bottom": "",
                                    "left": "0",
                                    "isLinked": "1"
                                },
                                "padding": {
                                    "unit": "px",
                                    "top": "0",
                                    "right": "0",
                                    "bottom": "50",
                                    "left": "0",
                                    "isLinked": ""
                                },
                                "__globals__": {
                                    "border_color": "globals\/colors?id=6706a9f"
                                },
                                "padding_tablet": {
                                    "unit": "px",
                                    "top": "0",
                                    "right": "0",
                                    "bottom": "40",
                                    "left": "0",
                                    "isLinked": ""
                                },
                                "padding_mobile": {
                                    "unit": "px",
                                    "top": "0",
                                    "right": "10",
                                    "bottom": "30",
                                    "left": "10",
                                    "isLinked": ""
                                }
                            },
                            "elements": [
                                {
                                    "id": "4ff85d06",
                                    "settings": {
                                        "_column_size": "50",
                                        "content_position": "center",
                                        "_inline_size_tablet": "100",
                                        "align_tablet": "center"
                                    },
                                    "elements": [
                                        {
                                            "id": "4d20d30c",
                                            "settings": {
                                                "image": {
                                                    "url": "https:\/\/templatekit.jegtheme.com\/konfero\/wp-content\/uploads\/sites\/412\/2023\/09\/konfero-logo-primary.png",
                                                    "id": 375,
                                                    "size": "",
                                                    "alt": "",
                                                    "source": "library"
                                                },
                                                "align": "left",
                                                "width": {
                                                    "unit": "%",
                                                    "size": 35,
                                                    "sizes": []
                                                },
                                                "align_tablet": "center",
                                                "width_mobile": {
                                                    "unit": "%",
                                                    "size": 55,
                                                    "sizes": []
                                                },
                                                "width_tablet": {
                                                    "unit": "%",
                                                    "size": 30,
                                                    "sizes": []
                                                },
                                                "_margin_tablet": {
                                                    "unit": "px",
                                                    "top": "0",
                                                    "right": "0",
                                                    "bottom": "10",
                                                    "left": "0",
                                                    "isLinked": false
                                                }
                                            },
                                            "elements": [],
                                            "isInner": false,
                                            "widgetType": "image",
                                            "elType": "widget"
                                        },
                                        {
                                            "id": "2a641501",
                                            "settings": {
                                                "editor": "<p>Events and conferences are hubs of learning, innovation, and collaboration.<\/p>",
                                                "_element_width": "initial",
                                                "_element_custom_width": {
                                                    "unit": "%",
                                                    "size": 66,
                                                    "sizes": []
                                                },
                                                "__globals__": {
                                                    "text_color": ""
                                                },
                                                "_margin": {
                                                    "unit": "px",
                                                    "top": "0",
                                                    "right": "0",
                                                    "bottom": "-20",
                                                    "left": "0",
                                                    "isLinked": ""
                                                },
                                                "align_tablet": "center",
                                                "_margin_tablet": {
                                                    "unit": "px",
                                                    "top": "0",
                                                    "right": "0",
                                                    "bottom": "0",
                                                    "left": "0",
                                                    "isLinked": "1"
                                                },
                                                "_element_custom_width_tablet": {
                                                    "unit": "%",
                                                    "size": "45",
                                                    "sizes": []
                                                },
                                                "_element_custom_width_mobile": {
                                                    "unit": "%",
                                                    "size": "100",
                                                    "sizes": []
                                                },
                                                "align": "left",
                                                "_element_width_tablet": "initial",
                                                "_element_width_mobile": "initial"
                                            },
                                            "elements": [],
                                            "isInner": false,
                                            "widgetType": "text-editor",
                                            "elType": "widget"
                                        }
                                    ],
                                    "isInner": "1",
                                    "elType": "column"
                                },
                                {
                                    "id": "3e6768ec",
                                    "settings": {
                                        "_column_size": "50",
                                        "margin": {
                                            "unit": "px",
                                            "top": "0",
                                            "right": "0",
                                            "bottom": "0",
                                            "left": "50",
                                            "isLinked": ""
                                        },
                                        "content_position": "center",
                                        "_inline_size_tablet": "100",
                                        "align_tablet": "center",
                                        "margin_tablet": {
                                            "unit": "px",
                                            "top": "0",
                                            "right": "0",
                                            "bottom": "0",
                                            "left": "0",
                                            "isLinked": ""
                                        }
                                    },
                                    "elements": [
                                        {
                                            "id": "7be78d6f",
                                            "settings": {
                                                "title": "Subscribe Our Newsletter",
                                                "header_size": "h4",
                                                "align_tablet": "center",
                                                "align_mobile": "center",
                                                "_element_width_tablet": "auto",
                                                "__globals__": {
                                                    "typography_typography": "globals\/typography?id=a5883e2",
                                                    "title_color": "globals\/colors?id=b05c768"
                                                }
                                            },
                                            "elements": [],
                                            "isInner": false,
                                            "widgetType": "heading",
                                            "elType": "widget"
                                        },
                                        {
                                            "id": "4326e44b",
                                            "settings": {
                                                "sg_form_name_enable": "",
                                                "sg_form_email_placeholder": "Enter your email",
                                                "sg_form_email_icon_enable": "",
                                                "sg_form_button_text": "Subscribe",
                                                "sg_form_button_icon_enable": "",
                                                "sg_form_success_message": "Successfully listed this email",
                                                "st_input_background_background_background": "classic",
                                                "st_input_border_radius_responsive": {
                                                    "unit": "px",
                                                    "top": "40",
                                                    "right": "40",
                                                    "bottom": "40",
                                                    "left": "40",
                                                    "isLinked": "1"
                                                },
                                                "st_input_padding_responsive": {
                                                    "unit": "px",
                                                    "top": "16",
                                                    "right": "25",
                                                    "bottom": "16",
                                                    "left": "25",
                                                    "isLinked": ""
                                                },
                                                "st_input_border_border_border": "none",
                                                "st_input_border_border_width": {
                                                    "unit": "px",
                                                    "top": "",
                                                    "right": "",
                                                    "bottom": "",
                                                    "left": "",
                                                    "isLinked": "1"
                                                },
                                                "st_input_margin_right_responsive": {
                                                    "unit": "px",
                                                    "size": 20,
                                                    "sizes": []
                                                },
                                                "__globals__": {
                                                    "st_label_typography_content_typography_typography": "",
                                                    "st_label_color_responsive": "",
                                                    "st_input_typography_content_typography_typography": "globals\/typography?id=text",
                                                    "st_input_color_responsive": "globals\/colors?id=d9ebf82",
                                                    "st_input_background_background_color": "",
                                                    "st_input_border_border_color": "",
                                                    "st_input_placeholder_typography_content_typography_typography": "globals\/typography?id=text",
                                                    "st_input_placeholder_color_responsive": "",
                                                    "st_button_typography_content_typography_typography": "globals\/typography?id=2d81a6d",
                                                    "st_button_normal_background_background_color": "globals\/colors?id=c51c378",
                                                    "st_button_normal_color_responsive": "globals\/colors?id=b05c768",
                                                    "st_button_hover_background_background_color": "globals\/colors?id=c51c378",
                                                    "st_button_normal_background_background_color_b": "globals\/colors?id=primary",
                                                    "st_button_hover_background_background_color_b": "globals\/colors?id=dd256c9"
                                                },
                                                "st_button_border_radius_responsive": {
                                                    "unit": "px",
                                                    "top": "40",
                                                    "right": "40",
                                                    "bottom": "40",
                                                    "left": "40",
                                                    "isLinked": "1"
                                                },
                                                "st_button_padding_responsive": {
                                                    "unit": "px",
                                                    "top": "22",
                                                    "right": "37",
                                                    "bottom": "22",
                                                    "left": "37",
                                                    "isLinked": ""
                                                },
                                                "st_button_normal_background_background_background": "gradient",
                                                "st_label_typography_content_typography_font_family": "Taviraj",
                                                "st_label_typography_content_typography_font_size": {
                                                    "unit": "px",
                                                    "size": "24",
                                                    "sizes": []
                                                },
                                                "st_label_typography_content_typography_font_weight": "500",
                                                "st_label_typography_content_typography_line_height": {
                                                    "unit": "em",
                                                    "size": "1.2",
                                                    "sizes": []
                                                },
                                                "st_label_typography_content_typography_word_spacing": {
                                                    "unit": "em",
                                                    "size": "",
                                                    "sizes": []
                                                },
                                                "st_input_color_responsive": "#122525",
                                                "st_input_background_background_color": "#FFFFFF",
                                                "st_input_placeholder_color_responsive": "#A9A9A9",
                                                "st_button_normal_color_responsive": "#122525",
                                                "st_button_normal_background_background_color": "#ECB96F",
                                                "st_button_hover_background_background_background": "gradient",
                                                "_element_width_tablet": "initial",
                                                "st_input_width_responsive_mobile": {
                                                    "unit": "%",
                                                    "size": "100",
                                                    "sizes": []
                                                },
                                                "st_input_margin_bottom_responsive_mobile": {
                                                    "unit": "px",
                                                    "size": "10",
                                                    "sizes": []
                                                },
                                                "st_button_width_responsive_mobile": {
                                                    "unit": "%",
                                                    "size": "100",
                                                    "sizes": []
                                                },
                                                "_element_custom_width_tablet": {
                                                    "unit": "%",
                                                    "size": "70",
                                                    "sizes": []
                                                },
                                                "_element_custom_width_mobile": {
                                                    "unit": "%",
                                                    "size": "100",
                                                    "sizes": []
                                                },
                                                "st_input_padding_responsive_mobile": {
                                                    "unit": "px",
                                                    "top": "18",
                                                    "right": "25",
                                                    "bottom": "18",
                                                    "left": "25",
                                                    "isLinked": false
                                                }
                                            },
                                            "elements": [],
                                            "isInner": false,
                                            "widgetType": "jkit_mailchimp",
                                            "elType": "widget"
                                        }
                                    ],
                                    "isInner": "1",
                                    "elType": "column"
                                }
                            ],
                            "isInner": "1",
                            "elType": "section"
                        },
                        {
                            "id": "1afd743a",
                            "settings": {
                                "width": {
                                    "unit": "px",
                                    "size": 1160,
                                    "sizes": []
                                },
                                "width_tablet": {
                                    "unit": "px",
                                    "size": "",
                                    "sizes": []
                                },
                                "width_mobile": {
                                    "unit": "px",
                                    "size": "",
                                    "sizes": []
                                },
                                "align": "center",
                                "text": "Divider",
                                "__globals__": {
                                    "color": "globals\/colors?id=2559caa"
                                }
                            },
                            "elements": [],
                            "isInner": false,
                            "widgetType": "divider",
                            "elType": "widget"
                        },
                        {
                            "id": "3f09ce25",
                            "settings": {
                                "content_width": {
                                    "unit": "px",
                                    "size": 1180,
                                    "sizes": []
                                },
                                "structure": "40",
                                "border_border": "none",
                                "border_width": {
                                    "unit": "px",
                                    "top": "0",
                                    "right": "0",
                                    "bottom": "0",
                                    "left": "0",
                                    "isLinked": ""
                                },
                                "margin": {
                                    "unit": "px",
                                    "top": "",
                                    "right": "0",
                                    "bottom": "",
                                    "left": "0",
                                    "isLinked": "1"
                                },
                                "padding": {
                                    "unit": "px",
                                    "top": "60",
                                    "right": "0",
                                    "bottom": "80",
                                    "left": "0",
                                    "isLinked": ""
                                },
                                "__globals__": {
                                    "border_color": ""
                                },
                                "padding_tablet": {
                                    "unit": "px",
                                    "top": "30",
                                    "right": "20",
                                    "bottom": "50",
                                    "left": "20",
                                    "isLinked": ""
                                },
                                "padding_mobile": {
                                    "unit": "px",
                                    "top": "20",
                                    "right": "10",
                                    "bottom": "50",
                                    "left": "10",
                                    "isLinked": ""
                                }
                            },
                            "elements": [
                                {
                                    "id": "779a3a3f",
                                    "settings": {
                                        "_column_size": "25",
                                        "content_position": "top",
                                        "_inline_size_tablet": 50,
                                        "margin_tablet": {
                                            "unit": "px",
                                            "top": "0",
                                            "right": "0",
                                            "bottom": "20",
                                            "left": "0",
                                            "isLinked": false
                                        }
                                    },
                                    "elements": [
                                        {
                                            "id": "67bb222f",
                                            "settings": {
                                                "title": "Menu",
                                                "header_size": "h4",
                                                "__globals__": {
                                                    "typography_typography": "globals\/typography?id=a5883e2",
                                                    "title_color": "globals\/colors?id=b05c768"
                                                }
                                            },
                                            "elements": [],
                                            "isInner": false,
                                            "widgetType": "heading",
                                            "elType": "widget"
                                        },
                                        {
                                            "id": "358d18c9",
                                            "settings": {
                                                "icon_list": [
                                                    {
                                                        "text": "About",
                                                        "selected_icon": {
                                                            "value": "",
                                                            "library": ""
                                                        },
                                                        "_id": "35d693b",
                                                        "link": {
                                                            "url": "#",
                                                            "is_external": "",
                                                            "nofollow": "",
                                                            "custom_attributes": ""
                                                        }
                                                    },
                                                    {
                                                        "text": "Services",
                                                        "selected_icon": {
                                                            "value": "",
                                                            "library": ""
                                                        },
                                                        "_id": "a7c8357",
                                                        "link": {
                                                            "url": "#",
                                                            "is_external": "",
                                                            "nofollow": "",
                                                            "custom_attributes": ""
                                                        }
                                                    },
                                                    {
                                                        "text": "Blog",
                                                        "selected_icon": {
                                                            "value": "",
                                                            "library": ""
                                                        },
                                                        "_id": "bc53beb",
                                                        "link": {
                                                            "url": "#",
                                                            "is_external": "",
                                                            "nofollow": "",
                                                            "custom_attributes": ""
                                                        }
                                                    },
                                                    {
                                                        "text": "Contact",
                                                        "selected_icon": {
                                                            "value": "",
                                                            "library": ""
                                                        },
                                                        "_id": "1b1dae0",
                                                        "link": {
                                                            "url": "#",
                                                            "is_external": "",
                                                            "nofollow": "",
                                                            "custom_attributes": ""
                                                        }
                                                    }
                                                ],
                                                "space_between": {
                                                    "unit": "px",
                                                    "size": "10",
                                                    "sizes": []
                                                },
                                                "__globals__": {
                                                    "text_color": "globals\/colors?id=text",
                                                    "text_color_hover": "globals\/colors?id=b05c768",
                                                    "icon_typography_typography": "globals\/typography?id=text"
                                                },
                                                "_margin_mobile": {
                                                    "unit": "px",
                                                    "top": "0",
                                                    "right": "0",
                                                    "bottom": "20",
                                                    "left": "0",
                                                    "isLinked": ""
                                                }
                                            },
                                            "elements": [],
                                            "isInner": false,
                                            "widgetType": "icon-list",
                                            "elType": "widget"
                                        }
                                    ],
                                    "isInner": "1",
                                    "elType": "column"
                                },
                                {
                                    "id": "106f53b2",
                                    "settings": {
                                        "_column_size": "25",
                                        "content_position": "top",
                                        "_inline_size_tablet": 50,
                                        "margin_tablet": {
                                            "unit": "px",
                                            "top": "0",
                                            "right": "0",
                                            "bottom": "20",
                                            "left": "0",
                                            "isLinked": false
                                        }
                                    },
                                    "elements": [
                                        {
                                            "id": "5481e209",
                                            "settings": {
                                                "title": "Useful Links",
                                                "header_size": "h4",
                                                "__globals__": {
                                                    "typography_typography": "globals\/typography?id=a5883e2",
                                                    "title_color": "globals\/colors?id=b05c768"
                                                }
                                            },
                                            "elements": [],
                                            "isInner": false,
                                            "widgetType": "heading",
                                            "elType": "widget"
                                        },
                                        {
                                            "id": "f4754da",
                                            "settings": {
                                                "icon_list": [
                                                    {
                                                        "text": "Terms &amp; Conditions",
                                                        "selected_icon": {
                                                            "value": "",
                                                            "library": ""
                                                        },
                                                        "_id": "a7c8357",
                                                        "link": {
                                                            "url": "#",
                                                            "is_external": "",
                                                            "nofollow": "",
                                                            "custom_attributes": ""
                                                        }
                                                    },
                                                    {
                                                        "text": "Privacy Policy",
                                                        "selected_icon": {
                                                            "value": "",
                                                            "library": ""
                                                        },
                                                        "_id": "35d693b",
                                                        "link": {
                                                            "url": "#",
                                                            "is_external": "",
                                                            "nofollow": "",
                                                            "custom_attributes": ""
                                                        }
                                                    },
                                                    {
                                                        "text": "Disclaimer",
                                                        "selected_icon": {
                                                            "value": "",
                                                            "library": ""
                                                        },
                                                        "_id": "bc53beb",
                                                        "link": {
                                                            "url": "#",
                                                            "is_external": "",
                                                            "nofollow": "",
                                                            "custom_attributes": ""
                                                        }
                                                    },
                                                    {
                                                        "text": "FAQ",
                                                        "selected_icon": {
                                                            "value": "",
                                                            "library": ""
                                                        },
                                                        "_id": "1b1dae0",
                                                        "link": {
                                                            "url": "#",
                                                            "is_external": "",
                                                            "nofollow": "",
                                                            "custom_attributes": ""
                                                        }
                                                    }
                                                ],
                                                "space_between": {
                                                    "unit": "px",
                                                    "size": "10",
                                                    "sizes": []
                                                },
                                                "__globals__": {
                                                    "text_color": "globals\/colors?id=text",
                                                    "text_color_hover": "globals\/colors?id=b05c768",
                                                    "icon_typography_typography": "globals\/typography?id=text"
                                                },
                                                "_margin_mobile": {
                                                    "unit": "px",
                                                    "top": "0",
                                                    "right": "0",
                                                    "bottom": "20",
                                                    "left": "0",
                                                    "isLinked": ""
                                                }
                                            },
                                            "elements": [],
                                            "isInner": false,
                                            "widgetType": "icon-list",
                                            "elType": "widget"
                                        }
                                    ],
                                    "isInner": "1",
                                    "elType": "column"
                                },
                                {
                                    "id": "5d32259e",
                                    "settings": {
                                        "_column_size": "25",
                                        "margin": {
                                            "unit": "px",
                                            "top": "0",
                                            "right": "0",
                                            "bottom": "0",
                                            "left": "50",
                                            "isLinked": ""
                                        },
                                        "content_position": "top",
                                        "_inline_size_tablet": 50,
                                        "margin_tablet": {
                                            "unit": "px",
                                            "top": "0",
                                            "right": "0",
                                            "bottom": "0",
                                            "left": "0",
                                            "isLinked": "1"
                                        }
                                    },
                                    "elements": [
                                        {
                                            "id": "253c2ef4",
                                            "settings": {
                                                "title": "Follow Us",
                                                "header_size": "h4",
                                                "__globals__": {
                                                    "typography_typography": "globals\/typography?id=a5883e2",
                                                    "title_color": "globals\/colors?id=b05c768"
                                                }
                                            },
                                            "elements": [],
                                            "isInner": false,
                                            "widgetType": "heading",
                                            "elType": "widget"
                                        },
                                        {
                                            "id": "44afb28d",
                                            "settings": {
                                                "icon_list": [
                                                    {
                                                        "text": "Facebook",
                                                        "selected_icon": {
                                                            "value": "",
                                                            "library": ""
                                                        },
                                                        "_id": "a7c8357",
                                                        "link": {
                                                            "url": "#",
                                                            "is_external": "",
                                                            "nofollow": "",
                                                            "custom_attributes": ""
                                                        }
                                                    },
                                                    {
                                                        "text": "Twitter",
                                                        "selected_icon": {
                                                            "value": "",
                                                            "library": ""
                                                        },
                                                        "_id": "35d693b",
                                                        "link": {
                                                            "url": "#",
                                                            "is_external": "",
                                                            "nofollow": "",
                                                            "custom_attributes": ""
                                                        }
                                                    },
                                                    {
                                                        "text": "Instagram",
                                                        "selected_icon": {
                                                            "value": "",
                                                            "library": ""
                                                        },
                                                        "_id": "bc53beb",
                                                        "link": {
                                                            "url": "#",
                                                            "is_external": "",
                                                            "nofollow": "",
                                                            "custom_attributes": ""
                                                        }
                                                    },
                                                    {
                                                        "text": "LinkedIn",
                                                        "selected_icon": {
                                                            "value": "",
                                                            "library": ""
                                                        },
                                                        "_id": "1b1dae0",
                                                        "link": {
                                                            "url": "#",
                                                            "is_external": "",
                                                            "nofollow": "",
                                                            "custom_attributes": ""
                                                        }
                                                    }
                                                ],
                                                "space_between": {
                                                    "unit": "px",
                                                    "size": "10",
                                                    "sizes": []
                                                },
                                                "__globals__": {
                                                    "text_color": "globals\/colors?id=text",
                                                    "text_color_hover": "globals\/colors?id=b05c768",
                                                    "icon_typography_typography": "globals\/typography?id=text"
                                                },
                                                "_margin_mobile": {
                                                    "unit": "px",
                                                    "top": "0",
                                                    "right": "0",
                                                    "bottom": "20",
                                                    "left": "0",
                                                    "isLinked": ""
                                                }
                                            },
                                            "elements": [],
                                            "isInner": false,
                                            "widgetType": "icon-list",
                                            "elType": "widget"
                                        }
                                    ],
                                    "isInner": "1",
                                    "elType": "column"
                                },
                                {
                                    "id": "30eac4f8",
                                    "settings": {
                                        "_column_size": "25",
                                        "margin": {
                                            "unit": "px",
                                            "top": "0",
                                            "right": "0",
                                            "bottom": "0",
                                            "left": "30",
                                            "isLinked": ""
                                        },
                                        "content_position": "top",
                                        "align": "flex-end",
                                        "_inline_size_tablet": 50,
                                        "margin_tablet": {
                                            "unit": "px",
                                            "top": "0",
                                            "right": "0",
                                            "bottom": "0",
                                            "left": "0",
                                            "isLinked": "1"
                                        }
                                    },
                                    "elements": [
                                        {
                                            "id": "623fa065",
                                            "settings": {
                                                "title": "Contact Us",
                                                "header_size": "h4",
                                                "__globals__": {
                                                    "typography_typography": "globals\/typography?id=a5883e2",
                                                    "title_color": "globals\/colors?id=b05c768"
                                                }
                                            },
                                            "elements": [],
                                            "isInner": false,
                                            "widgetType": "heading",
                                            "elType": "widget"
                                        },
                                        {
                                            "id": "1cf8c54e",
                                            "settings": {
                                                "sg_setting_enable_hover_watermark": "",
                                                "sg_setting_icon_position_responsive": "left",
                                                "sg_setting_content_alignment_responsive": "left",
                                                "sg_icon_text": "Email",
                                                "sg_icon_description": "support@konfero.com",
                                                "sg_readmore_button_label": "Learn More",
                                                "sg_badge_text": "BADGE",
                                                "sg_icon_image": {
                                                    "id": "",
                                                    "url": "https:\/\/templatekit.jegtheme.com\/konfero\/wp-content\/plugins\/elementor\/assets\/images\/placeholder.png"
                                                },
                                                "sg_icon_image_size_imagesize_size": "full",
                                                "sg_readmore_enable_button": "",
                                                "st_container_padding_responsive": {
                                                    "unit": "px",
                                                    "top": "1",
                                                    "right": "0",
                                                    "bottom": "0",
                                                    "left": "0",
                                                    "isLinked": ""
                                                },
                                                "st_container_border_border_border": "solid",
                                                "st_container_border_border_width": {
                                                    "unit": "px",
                                                    "top": "0",
                                                    "right": "0",
                                                    "bottom": "0",
                                                    "left": "0",
                                                    "isLinked": "1"
                                                },
                                                "st_container_border_radius_responsive": {
                                                    "unit": "px",
                                                    "top": "0",
                                                    "right": "0",
                                                    "bottom": "0",
                                                    "left": "0",
                                                    "isLinked": "1"
                                                },
                                                "st_icon_margin_responsive": {
                                                    "unit": "px",
                                                    "top": "3",
                                                    "right": "0",
                                                    "bottom": "0",
                                                    "left": "0",
                                                    "isLinked": ""
                                                },
                                                "__globals__": {
                                                    "st_content_title_typography_content_typography_typography": "globals\/typography?id=accent",
                                                    "st_content_title_color_responsive": "globals\/colors?id=text",
                                                    "st_content_description_typography_content_typography_typography": "globals\/typography?id=text",
                                                    "st_content_description_color_responsive": "globals\/colors?id=b05c768",
                                                    "st_content_description_color_hover_responsive": "",
                                                    "st_icon_color_responsive": "globals\/colors?id=secondary",
                                                    "st_icon_bg_color_responsive": "globals\/colors?id=db1a48c"
                                                },
                                                "_element_width": "inherit",
                                                "_element_custom_width": {
                                                    "unit": "%",
                                                    "size": "100",
                                                    "sizes": []
                                                },
                                                "sg_readmore_globallink": {
                                                    "url": "#",
                                                    "is_external": "",
                                                    "nofollow": "",
                                                    "custom_attributes": ""
                                                },
                                                "st_content_title_margin_responsive": {
                                                    "unit": "px",
                                                    "top": "0",
                                                    "right": "0",
                                                    "bottom": "0",
                                                    "left": "0",
                                                    "isLinked": ""
                                                },
                                                "sg_icon_header": {
                                                    "value": "fas fa-envelope",
                                                    "library": "fa-solid"
                                                },
                                                "sg_readmore_enable_globallink": "yes",
                                                "_margin": {
                                                    "unit": "px",
                                                    "top": "2",
                                                    "right": "0",
                                                    "bottom": "-8",
                                                    "left": "0",
                                                    "isLinked": ""
                                                },
                                                "sg_setting_html_tag": "p",
                                                "st_icon_size_responsive": {
                                                    "unit": "px",
                                                    "size": "18",
                                                    "sizes": []
                                                },
                                                "st_icon_padding_responsive": {
                                                    "unit": "px",
                                                    "top": "13",
                                                    "right": "0",
                                                    "bottom": "0",
                                                    "left": "13",
                                                    "isLinked": ""
                                                },
                                                "st_icon_size_responsive_tablet": {
                                                    "unit": "px",
                                                    "size": "18",
                                                    "sizes": []
                                                },
                                                "st_icon_margin_responsive_tablet": {
                                                    "unit": "px",
                                                    "top": "6",
                                                    "right": "0",
                                                    "bottom": "0",
                                                    "left": "0",
                                                    "isLinked": ""
                                                },
                                                "st_icon_height_responsive": {
                                                    "unit": "px",
                                                    "size": "44",
                                                    "sizes": []
                                                },
                                                "st_icon_width_responsive": {
                                                    "unit": "px",
                                                    "size": "44",
                                                    "sizes": []
                                                },
                                                "st_icon_color_responsive": "#FFFFFF",
                                                "st_icon_border_radius_responsive": {
                                                    "unit": "px",
                                                    "top": "10",
                                                    "right": "10",
                                                    "bottom": "10",
                                                    "left": "10",
                                                    "isLinked": true
                                                },
                                                "st_content_title_color_responsive": "#C4C4C4",
                                                "st_content_description_color_responsive": "#FFFFFF",
                                                "st_icon_bg_color_responsive": "#FFFFFF1C"
                                            },
                                            "elements": [],
                                            "isInner": false,
                                            "widgetType": "jkit_icon_box",
                                            "elType": "widget"
                                        },
                                        {
                                            "id": "7af84c2a",
                                            "settings": {
                                                "sg_setting_enable_hover_watermark": "",
                                                "sg_setting_icon_position_responsive": "left",
                                                "sg_setting_content_alignment_responsive": "left",
                                                "sg_icon_text": "Phone",
                                                "sg_icon_description": "+123-456-7890",
                                                "sg_readmore_button_label": "Learn More",
                                                "sg_badge_text": "BADGE",
                                                "sg_icon_image": {
                                                    "id": "",
                                                    "url": "https:\/\/templatekit.jegtheme.com\/konfero\/wp-content\/plugins\/elementor\/assets\/images\/placeholder.png"
                                                },
                                                "sg_icon_image_size_imagesize_size": "full",
                                                "sg_readmore_enable_button": "",
                                                "st_container_padding_responsive": {
                                                    "unit": "px",
                                                    "top": "0",
                                                    "right": "0",
                                                    "bottom": "0",
                                                    "left": "0",
                                                    "isLinked": ""
                                                },
                                                "st_container_border_border_border": "solid",
                                                "st_container_border_border_width": {
                                                    "unit": "px",
                                                    "top": "0",
                                                    "right": "0",
                                                    "bottom": "0",
                                                    "left": "0",
                                                    "isLinked": "1"
                                                },
                                                "st_container_border_radius_responsive": {
                                                    "unit": "px",
                                                    "top": "0",
                                                    "right": "0",
                                                    "bottom": "0",
                                                    "left": "0",
                                                    "isLinked": "1"
                                                },
                                                "st_icon_margin_responsive": {
                                                    "unit": "px",
                                                    "top": "3",
                                                    "right": "0",
                                                    "bottom": "0",
                                                    "left": "0",
                                                    "isLinked": ""
                                                },
                                                "__globals__": {
                                                    "st_content_title_typography_content_typography_typography": "globals\/typography?id=accent",
                                                    "st_content_title_color_responsive": "globals\/colors?id=text",
                                                    "st_content_description_typography_content_typography_typography": "globals\/typography?id=text",
                                                    "st_content_description_color_responsive": "globals\/colors?id=b05c768",
                                                    "st_content_description_color_hover_responsive": "",
                                                    "st_icon_color_responsive": "globals\/colors?id=secondary",
                                                    "st_icon_bg_color_responsive": "globals\/colors?id=db1a48c"
                                                },
                                                "_element_width": "inherit",
                                                "_element_custom_width": {
                                                    "unit": "%",
                                                    "size": "100",
                                                    "sizes": []
                                                },
                                                "sg_readmore_globallink": {
                                                    "url": "#",
                                                    "is_external": "",
                                                    "nofollow": "",
                                                    "custom_attributes": ""
                                                },
                                                "st_content_title_margin_responsive": {
                                                    "unit": "px",
                                                    "top": "0",
                                                    "right": "0",
                                                    "bottom": "0",
                                                    "left": "0",
                                                    "isLinked": ""
                                                },
                                                "sg_icon_header": {
                                                    "value": "fas fa-phone-alt",
                                                    "library": "fa-solid"
                                                },
                                                "sg_readmore_enable_globallink": "yes",
                                                "_margin": {
                                                    "unit": "px",
                                                    "top": "0",
                                                    "right": "0",
                                                    "bottom": "-8",
                                                    "left": "0",
                                                    "isLinked": ""
                                                },
                                                "sg_setting_html_tag": "p",
                                                "st_icon_size_responsive": {
                                                    "unit": "px",
                                                    "size": "18",
                                                    "sizes": []
                                                },
                                                "st_icon_padding_responsive": {
                                                    "unit": "px",
                                                    "top": "13",
                                                    "right": "0",
                                                    "bottom": "0",
                                                    "left": "13",
                                                    "isLinked": ""
                                                },
                                                "st_icon_size_responsive_tablet": {
                                                    "unit": "px",
                                                    "size": "18",
                                                    "sizes": []
                                                },
                                                "st_icon_margin_responsive_tablet": {
                                                    "unit": "px",
                                                    "top": "6",
                                                    "right": "0",
                                                    "bottom": "0",
                                                    "left": "0",
                                                    "isLinked": ""
                                                },
                                                "st_icon_height_responsive": {
                                                    "unit": "px",
                                                    "size": "44",
                                                    "sizes": []
                                                },
                                                "st_icon_width_responsive": {
                                                    "unit": "px",
                                                    "size": "44",
                                                    "sizes": []
                                                },
                                                "st_icon_border_radius_responsive": {
                                                    "unit": "px",
                                                    "top": "10",
                                                    "right": "10",
                                                    "bottom": "10",
                                                    "left": "10",
                                                    "isLinked": true
                                                },
                                                "st_content_title_color_responsive": "#C4C4C4",
                                                "st_content_description_color_responsive": "#FFFFFF",
                                                "st_icon_color_responsive": "#FFFFFF",
                                                "st_icon_bg_color_responsive": "#FFFFFF1C"
                                            },
                                            "elements": [],
                                            "isInner": false,
                                            "widgetType": "jkit_icon_box",
                                            "elType": "widget"
                                        }
                                    ],
                                    "isInner": "1",
                                    "elType": "column"
                                }
                            ],
                            "isInner": "1",
                            "elType": "section"
                        },
                        {
                            "id": "16d41be8",
                            "settings": {
                                "width": {
                                    "unit": "px",
                                    "size": 1160,
                                    "sizes": []
                                },
                                "width_tablet": {
                                    "unit": "px",
                                    "size": "",
                                    "sizes": []
                                },
                                "width_mobile": {
                                    "unit": "px",
                                    "size": "",
                                    "sizes": []
                                },
                                "align": "center",
                                "text": "Divider",
                                "__globals__": {
                                    "color": "globals\/colors?id=2559caa"
                                },
                                "_margin": {
                                    "unit": "px",
                                    "top": "0",
                                    "right": "0",
                                    "bottom": "-10",
                                    "left": "0",
                                    "isLinked": false
                                }
                            },
                            "elements": [],
                            "isInner": false,
                            "widgetType": "divider",
                            "elType": "widget"
                        },
                        {
                            "id": "18eb0811",
                            "settings": {
                                "content_width": {
                                    "unit": "px",
                                    "size": 1180,
                                    "sizes": []
                                },
                                "structure": "20",
                                "padding": {
                                    "unit": "px",
                                    "top": "0",
                                    "right": "0",
                                    "bottom": "20",
                                    "left": "0",
                                    "isLinked": ""
                                },
                                "background_background": "classic",
                                "__globals__": {
                                    "background_color": ""
                                },
                                "padding_mobile": {
                                    "unit": "px",
                                    "top": "15",
                                    "right": "0",
                                    "bottom": "15",
                                    "left": "0",
                                    "isLinked": ""
                                },
                                "padding_tablet": {
                                    "unit": "px",
                                    "top": "20",
                                    "right": "20",
                                    "bottom": "20",
                                    "left": "20",
                                    "isLinked": ""
                                },
                                "border_border": "none"
                            },
                            "elements": [
                                {
                                    "id": "4310c3eb",
                                    "settings": {
                                        "_column_size": "50",
                                        "content_position": "center",
                                        "align": "flex-start"
                                    },
                                    "elements": [
                                        {
                                            "id": "26cf0b21",
                                            "settings": {
                                                "editor": "<p>Event &amp; Conference Template Kit by Jegtheme<\/p>",
                                                "_element_custom_width": {
                                                    "unit": "%",
                                                    "size": "65",
                                                    "sizes": []
                                                },
                                                "__globals__": {
                                                    "text_color": "globals\/colors?id=c7e0c64",
                                                    "typography_typography": "globals\/typography?id=accent"
                                                },
                                                "align": "left",
                                                "_margin": {
                                                    "unit": "px",
                                                    "top": "0",
                                                    "right": "0",
                                                    "bottom": "-13",
                                                    "left": "0",
                                                    "isLinked": ""
                                                },
                                                "align_mobile": "center"
                                            },
                                            "elements": [],
                                            "isInner": false,
                                            "widgetType": "text-editor",
                                            "elType": "widget"
                                        }
                                    ],
                                    "isInner": "1",
                                    "elType": "column"
                                },
                                {
                                    "id": "4c14ee83",
                                    "settings": {
                                        "_column_size": "50",
                                        "content_position": "center",
                                        "align": "flex-end"
                                    },
                                    "elements": [
                                        {
                                            "id": "2517e696",
                                            "settings": {
                                                "editor": "<p>Copyright \u00a9 2023. All rights reserved.<\/p>",
                                                "_element_custom_width": {
                                                    "unit": "%",
                                                    "size": "65",
                                                    "sizes": []
                                                },
                                                "__globals__": {
                                                    "text_color": "globals\/colors?id=c7e0c64",
                                                    "typography_typography": "globals\/typography?id=accent"
                                                },
                                                "align": "right",
                                                "_margin": {
                                                    "unit": "px",
                                                    "top": "0",
                                                    "right": "0",
                                                    "bottom": "-13",
                                                    "left": "0",
                                                    "isLinked": ""
                                                },
                                                "align_mobile": "center"
                                            },
                                            "elements": [],
                                            "isInner": false,
                                            "widgetType": "text-editor",
                                            "elType": "widget"
                                        }
                                    ],
                                    "isInner": "1",
                                    "elType": "column"
                                }
                            ],
                            "isInner": "1",
                            "elType": "section"
                        },
                        {
                            "id": "92847bf",
                            "settings": {
                                "sg_icon_header": {
                                    "value": "jki jki-up-arrow1-light",
                                    "library": "jkiticon"
                                },
                                "sg_icon_text": "",
                                "sg_icon_description": "",
                                "sg_readmore_enable_button": "",
                                "sg_readmore_enable_globallink": "yes",
                                "sg_readmore_globallink": {
                                    "url": "#Header",
                                    "is_external": "",
                                    "nofollow": "",
                                    "custom_attributes": ""
                                },
                                "sg_readmore_button_label": "Learn More",
                                "sg_badge_text": "BADGE",
                                "st_container_padding_responsive": {
                                    "unit": "px",
                                    "top": "4",
                                    "right": "4",
                                    "bottom": "4",
                                    "left": "4",
                                    "isLinked": ""
                                },
                                "st_container_border_border_border": "none",
                                "st_icon_size_responsive": {
                                    "unit": "px",
                                    "size": "14",
                                    "sizes": []
                                },
                                "st_icon_padding_responsive": {
                                    "unit": "px",
                                    "top": "9",
                                    "right": "0",
                                    "bottom": "0",
                                    "left": "0",
                                    "isLinked": ""
                                },
                                "st_icon_height_responsive": {
                                    "unit": "px",
                                    "size": "19",
                                    "sizes": []
                                },
                                "st_icon_width_responsive": {
                                    "unit": "px",
                                    "size": "32",
                                    "sizes": []
                                },
                                "_element_width": "auto",
                                "_position": "fixed",
                                "_offset_orientation_h": "end",
                                "_offset_x": {
                                    "size": "59",
                                    "unit": "%"
                                },
                                "_offset_x_tablet": {
                                    "unit": "%",
                                    "size": "",
                                    "sizes": []
                                },
                                "_offset_x_mobile": {
                                    "unit": "%",
                                    "size": "",
                                    "sizes": []
                                },
                                "_offset_x_end": {
                                    "size": "70",
                                    "unit": "px"
                                },
                                "_offset_y": {
                                    "size": "",
                                    "unit": "px"
                                },
                                "_background_background": "gradient",
                                "_background_gradient_position": "top left",
                                "_box_shadow_box_shadow_type": "yes",
                                "_box_shadow_box_shadow": {
                                    "horizontal": "0",
                                    "vertical": "10",
                                    "blur": "15",
                                    "spread": "0",
                                    "color": "rgba(0, 0, 0, 0.1)"
                                },
                                "__globals__": {
                                    "st_icon_color_responsive": "globals\/colors?id=b05c768",
                                    "_background_color_b": "globals\/colors?id=primary",
                                    "_background_color": "globals\/colors?id=c51c378",
                                    "_background_hover_color": "globals\/colors?id=c51c378",
                                    "st_icon_hover_color_responsive": "globals\/colors?id=b05c768",
                                    "_background_hover_color_b": "globals\/colors?id=dd256c9"
                                },
                                "_offset_x_end_tablet": {
                                    "size": "3",
                                    "unit": "%"
                                },
                                "_offset_x_end_mobile": {
                                    "unit": "%",
                                    "size": "",
                                    "sizes": []
                                },
                                "_offset_y_tablet": {
                                    "size": "81",
                                    "unit": "%"
                                },
                                "_offset_y_mobile": {
                                    "unit": "%",
                                    "size": "",
                                    "sizes": []
                                },
                                "_background_hover_background": "gradient",
                                "hide_tablet": "hidden-tablet",
                                "hide_mobile": "hidden-mobile",
                                "_offset_orientation_v": "end",
                                "_offset_y_end": {
                                    "size": "22",
                                    "unit": "px"
                                },
                                "_z_index": 95,
                                "_border_radius": {
                                    "unit": "px",
                                    "top": "30",
                                    "right": "30",
                                    "bottom": "30",
                                    "left": "30",
                                    "isLinked": true
                                }
                            },
                            "elements": [],
                            "isInner": false,
                            "widgetType": "jkit_icon_box",
                            "elType": "widget"
                        }
                    ],
                    "isInner": "",
                    "elType": "column"
                }
            ],
            "isInner": "",
            "elType": "section"
        }
    ]
}