{
    "version": "0.4",
    "title": "MetFrom &#8211; Contact",
    "type": "page",
    "metadata": {
        "template_type": "single-page",
        "include_in_zip": "1",
        "elementor_pro_required": null,
        "wp_page_template": "elementor_canvas"
    },
    "content": [
        {
            "id": "2b7bcd84",
            "settings": {
                "gap": "no",
                "margin_mobile": {
                    "unit": "px",
                    "top": "",
                    "right": 0,
                    "bottom": "",
                    "left": 0,
                    "isLinked": true
                },
                "__globals__": {
                    "background_color": ""
                }
            },
            "elements": [
                {
                    "id": "5bfbf4cc",
                    "settings": {
                        "_column_size": 100,
                        "_inline_size": null,
                        "padding": {
                            "unit": "px",
                            "top": "20",
                            "right": "20",
                            "bottom": "20",
                            "left": "20",
                            "isLinked": true
                        },
                        "padding_mobile": {
                            "unit": "px",
                            "top": "20",
                            "right": "20",
                            "bottom": "20",
                            "left": "20",
                            "isLinked": true
                        }
                    },
                    "elements": [
                        {
                            "id": "7bc6522",
                            "settings": {
                                "gap": "no",
                                "structure": "20",
                                "margin": {
                                    "unit": "px",
                                    "top": "0",
                                    "right": 0,
                                    "bottom": "30",
                                    "left": 0,
                                    "isLinked": false
                                },
                                "margin_mobile": {
                                    "unit": "px",
                                    "top": "0",
                                    "right": 0,
                                    "bottom": "25",
                                    "left": 0,
                                    "isLinked": false
                                }
                            },
                            "elements": [
                                {
                                    "id": "f887d21",
                                    "settings": {
                                        "_column_size": 50,
                                        "_inline_size": null
                                    },
                                    "elements": [
                                        {
                                            "id": "5c290295",
                                            "settings": {
                                                "mf_input_label_status": "",
                                                "mf_input_label": "First Name",
                                                "mf_input_placeholder": "First name",
                                                "mf_input_validation_warning_message": "This field is required.",
                                                "mf_input_padding": {
                                                    "unit": "px",
                                                    "top": "17",
                                                    "right": "25",
                                                    "bottom": "17",
                                                    "left": "25",
                                                    "isLinked": false
                                                },
                                                "mf_input_color": "#09031E",
                                                "mf_input_background_background": "classic",
                                                "mf_input_background_color": "#FFFFFF",
                                                "mf_input_border_border": "solid",
                                                "mf_input_border_width": {
                                                    "unit": "px",
                                                    "top": "1",
                                                    "right": "1",
                                                    "bottom": "1",
                                                    "left": "1",
                                                    "isLinked": true
                                                },
                                                "mf_input_border_hover_border": "solid",
                                                "mf_input_border_hover_width": {
                                                    "unit": "px",
                                                    "top": "1",
                                                    "right": "1",
                                                    "bottom": "1",
                                                    "left": "1",
                                                    "isLinked": true
                                                },
                                                "mf_input_border_focus_border": "solid",
                                                "mf_input_border_focus_width": {
                                                    "unit": "px",
                                                    "top": "1",
                                                    "right": "1",
                                                    "bottom": "1",
                                                    "left": "1",
                                                    "isLinked": true
                                                },
                                                "mf_input_border_radius": {
                                                    "unit": "px",
                                                    "size": 50,
                                                    "sizes": []
                                                },
                                                "__globals__": {
                                                    "mf_input_place_holder_typography_typography": "globals\/typography?id=text",
                                                    "mf_input_typgraphy_typography": "globals\/typography?id=text",
                                                    "mf_input_background_color": "globals\/colors?id=b05c768",
                                                    "mf_input_color": "globals\/colors?id=d9ebf82",
                                                    "mf_input_border_color": "globals\/colors?id=1ff4abb",
                                                    "mf_input_color_hover": "globals\/colors?id=d9ebf82",
                                                    "mf_input_border_hover_color": "globals\/colors?id=primary",
                                                    "mf_input_color_focus": "globals\/colors?id=d9ebf82",
                                                    "mf_input_border_focus_color": "globals\/colors?id=primary",
                                                    "mf_input_placeholder_color": "globals\/colors?id=9cd0c25"
                                                },
                                                "mf_input_border_color": "#D8D8D8",
                                                "mf_input_color_hover": "#9F2CC8",
                                                "mf_input_border_hover_color": "#F4E2FB",
                                                "mf_input_color_focus": "#9F2CC8",
                                                "mf_input_border_focus_color": "#F4E2FB",
                                                "mf_input_box_shadow_box_shadow_type": "yes",
                                                "mf_input_box_shadow_box_shadow": {
                                                    "horizontal": 0,
                                                    "vertical": 3,
                                                    "blur": 5,
                                                    "spread": 0,
                                                    "color": "rgba(0, 0, 0, 0.05)"
                                                },
                                                "_margin": {
                                                    "unit": "px",
                                                    "top": "0",
                                                    "right": "15",
                                                    "bottom": "0",
                                                    "left": "0",
                                                    "isLinked": false
                                                },
                                                "_margin_mobile": {
                                                    "unit": "px",
                                                    "top": "0",
                                                    "right": "0",
                                                    "bottom": "25",
                                                    "left": "0",
                                                    "isLinked": false
                                                }
                                            },
                                            "elements": [],
                                            "isInner": false,
                                            "widgetType": "mf-listing-fname",
                                            "elType": "widget"
                                        }
                                    ],
                                    "isInner": true,
                                    "elType": "column"
                                },
                                {
                                    "id": "4da967f1",
                                    "settings": {
                                        "_column_size": 50,
                                        "_inline_size": null
                                    },
                                    "elements": [
                                        {
                                            "id": "6d9fb074",
                                            "settings": {
                                                "mf_input_label_status": "",
                                                "mf_input_label": "Last Name (Listing)",
                                                "mf_input_placeholder": "Last name",
                                                "mf_input_validation_warning_message": "This field is required.",
                                                "mf_input_padding": {
                                                    "unit": "px",
                                                    "top": "17",
                                                    "right": "25",
                                                    "bottom": "17",
                                                    "left": "25",
                                                    "isLinked": false
                                                },
                                                "mf_input_background_background": "classic",
                                                "mf_input_border_border": "solid",
                                                "mf_input_border_width": {
                                                    "unit": "px",
                                                    "top": "1",
                                                    "right": "1",
                                                    "bottom": "1",
                                                    "left": "1",
                                                    "isLinked": true
                                                },
                                                "mf_input_border_hover_border": "solid",
                                                "mf_input_border_hover_width": {
                                                    "unit": "px",
                                                    "top": "1",
                                                    "right": "1",
                                                    "bottom": "1",
                                                    "left": "1",
                                                    "isLinked": true
                                                },
                                                "mf_input_border_focus_border": "solid",
                                                "mf_input_border_focus_width": {
                                                    "unit": "px",
                                                    "top": "1",
                                                    "right": "1",
                                                    "bottom": "1",
                                                    "left": "1",
                                                    "isLinked": true
                                                },
                                                "mf_input_border_radius": {
                                                    "unit": "px",
                                                    "size": 50,
                                                    "sizes": []
                                                },
                                                "mf_input_box_shadow_box_shadow_type": "yes",
                                                "mf_input_box_shadow_box_shadow": {
                                                    "horizontal": 0,
                                                    "vertical": 3,
                                                    "blur": 5,
                                                    "spread": 0,
                                                    "color": "rgba(0, 0, 0, 0.05)"
                                                },
                                                "__globals__": {
                                                    "mf_input_color": "globals\/colors?id=d9ebf82",
                                                    "mf_input_background_color": "globals\/colors?id=b05c768",
                                                    "mf_input_typgraphy_typography": "globals\/typography?id=text",
                                                    "mf_input_place_holder_typography_typography": "globals\/typography?id=text",
                                                    "mf_input_border_color": "globals\/colors?id=1ff4abb",
                                                    "mf_input_placeholder_color": "globals\/colors?id=9cd0c25",
                                                    "mf_input_color_hover": "globals\/colors?id=d9ebf82",
                                                    "mf_input_border_hover_color": "globals\/colors?id=primary",
                                                    "mf_input_color_focus": "globals\/colors?id=d9ebf82",
                                                    "mf_input_border_focus_color": "globals\/colors?id=primary"
                                                },
                                                "_margin": {
                                                    "unit": "px",
                                                    "top": "0",
                                                    "right": "0",
                                                    "bottom": "0",
                                                    "left": "15",
                                                    "isLinked": false
                                                },
                                                "_margin_mobile": {
                                                    "unit": "px",
                                                    "top": "0",
                                                    "right": "0",
                                                    "bottom": "0",
                                                    "left": "0",
                                                    "isLinked": true
                                                }
                                            },
                                            "elements": [],
                                            "isInner": false,
                                            "widgetType": "mf-listing-lname",
                                            "elType": "widget"
                                        }
                                    ],
                                    "isInner": true,
                                    "elType": "column"
                                }
                            ],
                            "isInner": true,
                            "elType": "section"
                        },
                        {
                            "id": "1764eb69",
                            "settings": {
                                "mf_input_label_status": "",
                                "mf_input_label": "Email",
                                "mf_input_name": "mf-email",
                                "mf_input_placeholder": "Your email address",
                                "mf_input_validation_warning_message": "This field is required.",
                                "mf_input_padding": {
                                    "unit": "px",
                                    "top": "17",
                                    "right": "25",
                                    "bottom": "17",
                                    "left": "25",
                                    "isLinked": false
                                },
                                "mf_input_margin": {
                                    "unit": "px",
                                    "top": "0",
                                    "right": "0",
                                    "bottom": "10",
                                    "left": "0",
                                    "isLinked": false
                                },
                                "mf_input_background_background": "classic",
                                "mf_input_border_border": "solid",
                                "mf_input_border_width": {
                                    "unit": "px",
                                    "top": "1",
                                    "right": "1",
                                    "bottom": "1",
                                    "left": "1",
                                    "isLinked": true
                                },
                                "mf_input_border_hover_border": "solid",
                                "mf_input_border_hover_width": {
                                    "unit": "px",
                                    "top": "1",
                                    "right": "1",
                                    "bottom": "1",
                                    "left": "1",
                                    "isLinked": true
                                },
                                "mf_input_border_focus_border": "solid",
                                "mf_input_border_focus_width": {
                                    "unit": "px",
                                    "top": "1",
                                    "right": "1",
                                    "bottom": "1",
                                    "left": "1",
                                    "isLinked": true
                                },
                                "mf_input_border_radius": {
                                    "unit": "px",
                                    "size": 50,
                                    "sizes": []
                                },
                                "mf_input_box_shadow_box_shadow_type": "yes",
                                "mf_input_box_shadow_box_shadow": {
                                    "horizontal": 0,
                                    "vertical": 3,
                                    "blur": 5,
                                    "spread": 0,
                                    "color": "rgba(0, 0, 0, 0.05)"
                                },
                                "__globals__": {
                                    "mf_input_typgraphy_typography": "globals\/typography?id=text",
                                    "mf_input_place_holder_typography_typography": "globals\/typography?id=text",
                                    "mf_error_message_typography_typography": "globals\/typography?id=text",
                                    "mf_input_color": "globals\/colors?id=d9ebf82",
                                    "mf_input_background_color": "globals\/colors?id=b05c768",
                                    "mf_input_border_color": "globals\/colors?id=1ff4abb",
                                    "mf_input_placeholder_color": "globals\/colors?id=9cd0c25",
                                    "mf_input_color_hover": "globals\/colors?id=d9ebf82",
                                    "mf_input_border_hover_color": "globals\/colors?id=primary",
                                    "mf_input_color_focus": "globals\/colors?id=d9ebf82",
                                    "mf_input_border_focus_color": "globals\/colors?id=primary"
                                },
                                "mf_input_margin_mobile": {
                                    "unit": "px",
                                    "top": "0",
                                    "right": "0",
                                    "bottom": "5",
                                    "left": "0",
                                    "isLinked": false
                                }
                            },
                            "elements": [],
                            "isInner": false,
                            "widgetType": "mf-email",
                            "elType": "widget"
                        },
                        {
                            "id": "2f28fe29",
                            "settings": {
                                "mf_input_label_status": "",
                                "mf_input_label": "Text",
                                "mf_input_name": "mf-text",
                                "mf_input_placeholder": "Subject",
                                "mf_input_validation_warning_message": "This field is required.",
                                "mf_input_padding": {
                                    "unit": "px",
                                    "top": "17",
                                    "right": "25",
                                    "bottom": "17",
                                    "left": "25",
                                    "isLinked": false
                                },
                                "mf_input_margin": {
                                    "unit": "px",
                                    "top": "0",
                                    "right": "0",
                                    "bottom": "10",
                                    "left": "0",
                                    "isLinked": false
                                },
                                "mf_input_background_background": "classic",
                                "mf_input_border_border": "solid",
                                "mf_input_border_width": {
                                    "unit": "px",
                                    "top": "1",
                                    "right": "1",
                                    "bottom": "1",
                                    "left": "1",
                                    "isLinked": true
                                },
                                "mf_input_border_hover_border": "solid",
                                "mf_input_border_hover_width": {
                                    "unit": "px",
                                    "top": "1",
                                    "right": "1",
                                    "bottom": "1",
                                    "left": "1",
                                    "isLinked": true
                                },
                                "mf_input_border_focus_border": "solid",
                                "mf_input_border_focus_width": {
                                    "unit": "px",
                                    "top": "1",
                                    "right": "1",
                                    "bottom": "1",
                                    "left": "1",
                                    "isLinked": true
                                },
                                "mf_input_border_radius": {
                                    "unit": "px",
                                    "size": 50,
                                    "sizes": []
                                },
                                "mf_input_box_shadow_box_shadow_type": "yes",
                                "mf_input_box_shadow_box_shadow": {
                                    "horizontal": 0,
                                    "vertical": 3,
                                    "blur": 5,
                                    "spread": 0,
                                    "color": "rgba(0, 0, 0, 0.05)"
                                },
                                "__globals__": {
                                    "mf_input_typgraphy_typography": "globals\/typography?id=text",
                                    "mf_input_place_holder_typography_typography": "globals\/typography?id=text",
                                    "mf_input_color": "globals\/colors?id=d9ebf82",
                                    "mf_input_background_color": "globals\/colors?id=b05c768",
                                    "mf_input_border_color": "globals\/colors?id=1ff4abb",
                                    "mf_input_color_hover": "globals\/colors?id=d9ebf82",
                                    "mf_input_border_hover_color": "globals\/colors?id=primary",
                                    "mf_input_color_focus": "globals\/colors?id=d9ebf82",
                                    "mf_input_border_focus_color": "globals\/colors?id=primary",
                                    "mf_input_placeholder_color": "globals\/colors?id=9cd0c25"
                                },
                                "mf_input_margin_mobile": {
                                    "unit": "px",
                                    "top": "0",
                                    "right": "0",
                                    "bottom": "5",
                                    "left": "0",
                                    "isLinked": false
                                }
                            },
                            "elements": [],
                            "isInner": false,
                            "widgetType": "mf-text",
                            "elType": "widget"
                        },
                        {
                            "id": "8ec4f3a",
                            "settings": {
                                "mf_input_label_status": "",
                                "mf_input_label": "Textarea",
                                "mf_input_name": "mf-textarea",
                                "mf_input_placeholder": "Leave us a message",
                                "mf_input_validation_warning_message": "This field is required.",
                                "mf_textarea_field_height": {
                                    "unit": "px",
                                    "size": 180,
                                    "sizes": []
                                },
                                "mf_input_padding": {
                                    "unit": "px",
                                    "top": "17",
                                    "right": "25",
                                    "bottom": "17",
                                    "left": "25",
                                    "isLinked": false
                                },
                                "mf_input_margin": {
                                    "unit": "px",
                                    "top": "0",
                                    "right": "0",
                                    "bottom": "0",
                                    "left": "0",
                                    "isLinked": false
                                },
                                "mf_input_background_background": "classic",
                                "mf_input_border_border": "solid",
                                "mf_input_border_width": {
                                    "unit": "px",
                                    "top": "1",
                                    "right": "1",
                                    "bottom": "1",
                                    "left": "1",
                                    "isLinked": true
                                },
                                "mf_input_border_hover_border": "solid",
                                "mf_input_border_hover_width": {
                                    "unit": "px",
                                    "top": "1",
                                    "right": "1",
                                    "bottom": "1",
                                    "left": "1",
                                    "isLinked": true
                                },
                                "mf_input_border_focus_border": "solid",
                                "mf_input_border_focus_width": {
                                    "unit": "px",
                                    "top": "1",
                                    "right": "1",
                                    "bottom": "1",
                                    "left": "1",
                                    "isLinked": true
                                },
                                "mf_input_border_radius": {
                                    "unit": "px",
                                    "size": 20,
                                    "sizes": []
                                },
                                "mf_input_box_shadow_box_shadow_type": "yes",
                                "mf_input_box_shadow_box_shadow": {
                                    "horizontal": 0,
                                    "vertical": 2,
                                    "blur": 5,
                                    "spread": 0,
                                    "color": "rgba(0, 0, 0, 0.05)"
                                },
                                "__globals__": {
                                    "mf_input_typgraphy_typography": "globals\/typography?id=text",
                                    "mf_input_place_holder_typography_typography": "globals\/typography?id=text",
                                    "mf_input_color": "globals\/colors?id=d9ebf82",
                                    "mf_input_background_color": "globals\/colors?id=b05c768",
                                    "mf_input_border_color": "globals\/colors?id=1ff4abb",
                                    "mf_input_placeholder_color": "globals\/colors?id=9cd0c25",
                                    "mf_input_color_hover": "globals\/colors?id=d9ebf82",
                                    "mf_input_border_hover_color": "globals\/colors?id=primary",
                                    "mf_input_color_focus": "globals\/colors?id=d9ebf82",
                                    "mf_input_border_focus_color": "globals\/colors?id=primary"
                                },
                                "mf_input_border_radius_mobile": {
                                    "unit": "px",
                                    "size": 20,
                                    "sizes": []
                                }
                            },
                            "elements": [],
                            "isInner": false,
                            "widgetType": "mf-textarea",
                            "elType": "widget"
                        },
                        {
                            "id": "27c728bb",
                            "settings": {
                                "mf_input_label_status": "",
                                "mf_input_label": "Opt in ( Listing )",
                                "mf_input_name": "mf-listing-optin",
                                "mf_listing_optin_option_text": "You agree to our friendly <a href=\"#\">privacy policy<\/a>",
                                "mf_input_required": "",
                                "mf_input_validation_warning_message": "This field is required.",
                                "__globals__": {
                                    "mf_listing_optin_typgraphy_typography": "",
                                    "mf_listing_optin_typgraphy_text_typography": "globals\/typography?id=text",
                                    "mf_listing_optin_option_icon_color": "globals\/colors?id=5aa7397",
                                    "mf_listing_optin_option_color": "globals\/colors?id=5aa7397"
                                },
                                "mf_listing_optin_option_margin": {
                                    "unit": "px",
                                    "top": "0",
                                    "right": "0",
                                    "bottom": "15",
                                    "left": "0",
                                    "isLinked": false
                                },
                                "mf_input_option_icon_horizontal_position": {
                                    "unit": "px",
                                    "size": 1,
                                    "sizes": []
                                },
                                "mf_listing_optin_typgraphy_typography": "custom",
                                "mf_listing_optin_typgraphy_font_size": {
                                    "unit": "px",
                                    "size": 18,
                                    "sizes": []
                                },
                                "mf_listing_optin_typgraphy_font_weight": "500",
                                "mf_listing_optin_typgraphy_line_height": {
                                    "unit": "em",
                                    "size": 1.6,
                                    "sizes": []
                                },
                                "mf_listing_optin_typgraphy_font_family": "Commissioner",
                                "mf_listing_optin_typgraphy_text_transform": "none",
                                "mf_listing_optin_typgraphy_font_style": "normal",
                                "mf_listing_optin_typgraphy_text_decoration": "none",
                                "mf_listing_optin_option_icon_color_checked": "#9F2CC8"
                            },
                            "elements": [],
                            "isInner": false,
                            "widgetType": "mf-listing-optin",
                            "elType": "widget"
                        },
                        {
                            "id": "4ef8cdac",
                            "settings": {
                                "mf_btn_text": "Send Message",
                                "mf_btn_align": "left",
                                "mf_hidden_input": [],
                                "mf_btn_text_padding": {
                                    "unit": "px",
                                    "top": "15",
                                    "right": "32",
                                    "bottom": "17",
                                    "left": "32",
                                    "isLinked": false
                                },
                                "mf_btn_bg_color_background": "gradient",
                                "mf_btn_bg_hover_color_background": "gradient",
                                "mf_btn_border_dimensions": {
                                    "unit": "px",
                                    "top": "1",
                                    "right": "1",
                                    "bottom": "1",
                                    "left": "1",
                                    "isLinked": true
                                },
                                "mf_btn_border_radius": {
                                    "unit": "px",
                                    "top": "50",
                                    "right": "50",
                                    "bottom": "50",
                                    "left": "50",
                                    "isLinked": true
                                },
                                "mf_btn_box_shadow_group_box_shadow_type": "yes",
                                "mf_btn_box_shadow_group_box_shadow": {
                                    "horizontal": 0,
                                    "vertical": 2,
                                    "blur": 10,
                                    "spread": 0,
                                    "color": "rgba(22.000000000000014, 193, 168.99999999999994, 0)"
                                },
                                "__globals__": {
                                    "mf_btn_typography_typography": "globals\/typography?id=198da3c",
                                    "mf_btn_bg_color_color": "globals\/colors?id=c51c378",
                                    "mf_btn_bg_color_color_b": "globals\/colors?id=primary",
                                    "mf_btn_text_color": "globals\/colors?id=b05c768",
                                    "mf_btn_bg_hover_color_color": "globals\/colors?id=c51c378",
                                    "mf_btn_bg_hover_color_color_b": "globals\/colors?id=dd256c9",
                                    "mf_btn_hover_color": "globals\/colors?id=b05c768",
                                    "mf_btn_border_color": ""
                                },
                                "_element_width": "auto",
                                "_element_width_mobile": "auto",
                                "_border_radius": {
                                    "unit": "px",
                                    "top": "50",
                                    "right": "50",
                                    "bottom": "50",
                                    "left": "50",
                                    "isLinked": true
                                },
                                "_box_shadow_hover_box_shadow": {
                                    "horizontal": 0,
                                    "vertical": 0,
                                    "blur": 20,
                                    "spread": 0,
                                    "color": "rgba(45.000000000000014, 228, 202, 0.45)"
                                },
                                "mf_btn_bg_color_color_stop": {
                                    "unit": "%",
                                    "size": 20,
                                    "sizes": []
                                },
                                "mf_btn_bg_hover_color_color_stop": {
                                    "unit": "%",
                                    "size": 20,
                                    "sizes": []
                                }
                            },
                            "elements": [],
                            "isInner": false,
                            "widgetType": "mf-button",
                            "elType": "widget"
                        }
                    ],
                    "isInner": false,
                    "elType": "column"
                }
            ],
            "isInner": false,
            "elType": "section"
        }
    ]
}